Round,Wk,Day,Date,Time,Home,Score,Away,Attendance,Venue,Referee,Match Report,Notes
Eredivisie,1,Fri,2024-08-09,20:00,Groningen,4–1,NAC Breda,21306,Euroborg,Marc Nagtegaal,Match Report,
Eredivisie,1,Sat,2024-08-10,16:30,Feyenoord,1–1,Willem II,47500,Stadion Feijenoord,Dennis Higler,Match Report,
Eredivisie,1,Sat,2024-08-10,18:45,NEC Nijmegen,1–2,Twente,12540,Goffertstadion,Allard Lindhout,Match Report,
Eredivisie,1,Sat,2024-08-10,20:00,Almere City,0–1,AZ Alkmaar,4222,Yanmar Stadion,Martin van den Kerkhof,Match Report,
Eredivisie,1,Sat,2024-08-10,21:00,PSV,5–1,RKC Waalwijk,34600,Philips Stadion,Joey Kooij,Match Report,
Eredivisie,1,Sun,2024-08-11,12:15,Sparta R.,0–0,Heracles Almelo,9722,Sparta-Stadion Het Kasteel,Sander van der Eijk,Match Report,
Eredivisie,1,Sun,2024-08-11,14:30,Utrecht,1–0,Zwolle,,Stadion Galgenwaard,Jannick van der Laan,Match Report,
Eredivisie,1,Sun,2024-08-11,14:30,Go Ahead Eagles,0–2,Fortuna Sittard,9357,De Adelaarshorst,Alex Bos,Match Report,
Eredivisie,1,Sun,2024-08-11,16:45,Ajax,1–0,Heerenveen,54346,Johan Cruijff Arena,Bas Nijhuis,Match Report,
,,,,,,,,,,,,
Eredivisie,2,Fri,2024-08-16,20:00,Fortuna Sittard,3–0,Almere City,9249,Fortuna Sittard Stadion,Joey Kooij,Match Report,
Eredivisie,2,Sat,2024-08-17,16:30,Heerenveen,1–1,Utrecht,24000,Abe Lenstra Stadion,Danny Makkelie,Match Report,
Eredivisie,2,Sat,2024-08-17,18:45,Twente,1–1,Sparta R.,29200,De Grolsch Veste,Jannick van der Laan,Match Report,
Eredivisie,2,Sat,2024-08-17,20:00,AZ Alkmaar,1–0,NEC Nijmegen,17683,AFAS Stadion,Edwin van de Graaf,Match Report,
Eredivisie,2,Sat,2024-08-17,21:00,RKC Waalwijk,1–2,Groningen,6492,Mandemakers Stadion,Robin Hensgens,Match Report,
Eredivisie,2,Sun,2024-08-18,12:15,Heracles Almelo,1–3,PSV,11354,Erve Asito,Martin van den Kerkhof,Match Report,
Eredivisie,2,Sun,2024-08-18,14:30,Willem II,2–0,Go Ahead Eagles,13000,Koning Willem II Stadion,Ingmar Oostrom,Match Report,
Eredivisie,2,Sun,2024-08-18,14:30,Zwolle,1–5,Feyenoord,13656,MAC³PARK Stadion,Bas Nijhuis,Match Report,
Eredivisie,2,Sun,2024-08-18,16:45,NAC Breda,2–1,Ajax,19000,Rat Verlegh Stadion,Dennis Higler,Match Report,
,,,,,,,,,,,,
Eredivisie,3,Sat,2024-08-24,18:45,NEC Nijmegen,1–0,Zwolle,12540,Goffertstadion,Sander van der Eijk,Match Report,
Eredivisie,3,Sat,2024-08-24,20:00,Almere City,1–7,PSV,4222,Yanmar Stadion,Danny Makkelie,Match Report,
Eredivisie,3,Sat,2024-08-24,21:00,NAC Breda,1–2,Utrecht,19000,Rat Verlegh Stadion,Ingmar Oostrom,Match Report,
Eredivisie,3,Sun,2024-08-25,12:15,Groningen,0–0,AZ Alkmaar,21981,Euroborg,Jeroen Manschot,Match Report,
Eredivisie,3,Sun,2024-08-25,14:30,Sparta R.,1–1,Feyenoord,10599,Sparta-Stadion Het Kasteel,Alex Bos,Match Report,
Eredivisie,3,Sun,2024-08-25,14:30,Heracles Almelo,1–1,Willem II,11286,Erve Asito,Edwin van de Graaf,Match Report,
Eredivisie,3,Sun,2024-08-25,16:45,Go Ahead Eagles,2–0,RKC Waalwijk,9813,De Adelaarshorst,Joey Kooij,Match Report,
,,,,,,,,,,,,
Eredivisie,4,Fri,2024-08-30,20:00,RKC Waalwijk,0–3,AZ Alkmaar,15097,Mandemakers Stadion,Rob Dieperink,Match Report,
Eredivisie,4,Sat,2024-08-31,16:30,Almere City,1–1,Groningen,4222,Yanmar Stadion,Martijn Vos,Match Report,
Eredivisie,4,Sat,2024-08-31,18:45,Fortuna Sittard,0–3,NEC Nijmegen,10564,Fortuna Sittard Stadion,Jeroen Manschot,Match Report,
Eredivisie,4,Sat,2024-08-31,20:00,Heerenveen,4–0,NAC Breda,20809,Abe Lenstra Stadion,Robin Hensgens,Match Report,
Eredivisie,4,Sat,2024-08-31,21:00,Willem II,1–2,Sparta R.,10600,Koning Willem II Stadion,Allard Lindhout,Match Report,
Eredivisie,4,Sun,2024-09-01,12:15,Utrecht,2–1,Twente,19463,Stadion Galgenwaard,Dennis Higler,Match Report,
Eredivisie,4,Sun,2024-09-01,14:30,Zwolle,3–0,Heracles Almelo,13731,MAC³PARK Stadion,Serdar Gözübüyük,Match Report,
Eredivisie,4,Sun,2024-09-01,16:45,PSV,3–0,Go Ahead Eagles,34100,Philips Stadion,Bas Nijhuis,Match Report,
,,,,,,,,,,,,
Eredivisie,5,Sat,2024-09-14,16:30,Twente,1–1,Zwolle,29500,De Grolsch Veste,Jochem Kamphuis,Match Report,
Eredivisie,5,Sat,2024-09-14,16:30,PSV,2–0,NEC Nijmegen,29500,Philips Stadion,Dennis Higler,Match Report,
Eredivisie,5,Sat,2024-09-14,18:45,Groningen,2–2,Feyenoord,22525,Euroborg,Danny Makkelie,Match Report,
Eredivisie,5,Sat,2024-09-14,20:00,NAC Breda,1–0,Fortuna Sittard,18437,Rat Verlegh Stadion,Jannick van der Laan,Match Report,
Eredivisie,5,Sat,2024-09-14,21:00,AZ Alkmaar,9–1,Heerenveen,16608,AFAS Stadion,Sander van der Eijk,Match Report,
Eredivisie,5,Sun,2024-09-15,12:15,Sparta R.,1–2,Go Ahead Eagles,9931,Sparta-Stadion Het Kasteel,Edwin van de Graaf,Match Report,
Eredivisie,5,Sun,2024-09-15,14:30,Willem II,3–0,RKC Waalwijk,13000,Koning Willem II Stadion,Bas Nijhuis,Match Report,
Eredivisie,5,Sun,2024-09-15,16:45,Heracles Almelo,0–0,Almere City,11744,Erve Asito,Allard Lindhout,Match Report,
,,,,,,,,,,,,
Eredivisie,3,Tue,2024-09-17,20:00,Twente,2–0,Heerenveen,29500,De Grolsch Veste,Serdar Gözübüyük,Match Report,
Eredivisie,3,Wed,2024-09-18,20:00,Ajax,5–0,Fortuna Sittard,53786,Johan Cruijff Arena,Martin van den Kerkhof,Match Report,
,,,,,,,,,,,,
Eredivisie,6,Fri,2024-09-20,20:00,Zwolle,1–2,AZ Alkmaar,13801,MAC³PARK Stadion,Ingmar Oostrom,Match Report,
Eredivisie,6,Sat,2024-09-21,16:30,Utrecht,3–2,Willem II,20861,Stadion Galgenwaard,Joey Kooij,Match Report,
Eredivisie,6,Sat,2024-09-21,18:45,RKC Waalwijk,1–2,Sparta R.,7179,Mandemakers Stadion,Jeroen Manschot,Match Report,
Eredivisie,6,Sat,2024-09-21,20:00,Go Ahead Eagles,1–1,Ajax,9997,De Adelaarshorst,Marc Nagtegaal,Match Report,
Eredivisie,6,Sat,2024-09-21,21:00,NEC Nijmegen,1–2,Heracles Almelo,12540,Goffertstadion,Jochem Kamphuis,Match Report,
Eredivisie,6,Sun,2024-09-22,12:15,Heerenveen,2–1,Groningen,23729,Abe Lenstra Stadion,Dennis Higler,Match Report,
Eredivisie,6,Sun,2024-09-22,14:30,Feyenoord,2–0,NAC Breda,47500,Stadion Feijenoord,Sander van der Eijk,Match Report,
Eredivisie,6,Sun,2024-09-22,14:30,Almere City,0–5,Twente,4222,Yanmar Stadion,Richard Martens,Match Report,
Eredivisie,6,Sun,2024-09-22,16:45,Fortuna Sittard,1–3,PSV,11386,Fortuna Sittard Stadion,Allard Lindhout,Match Report,
,,,,,,,,,,,,
Eredivisie,7,Fri,2024-09-27,20:00,Heracles Almelo,2–1,Heerenveen,11243,Erve Asito,Erwin Blank,Match Report,
Eredivisie,7,Sat,2024-09-28,16:30,Willem II,0–2,PSV,13256,Koning Willem II Stadion,Serdar Gözübüyük,Match Report,
Eredivisie,7,Sat,2024-09-28,18:45,NEC Nijmegen,1–1,Feyenoord,12540,Goffertstadion,Bas Nijhuis,Match Report,
Eredivisie,7,Sat,2024-09-28,21:00,Sparta R.,1–1,Fortuna Sittard,9420,Sparta-Stadion Het Kasteel,Robin Hensgens,Match Report,
Eredivisie,7,Sun,2024-09-29,12:15,Zwolle,1–0,Almere City,13492,MAC³PARK Stadion,Sander van der Eijk,Match Report,
Eredivisie,7,Sun,2024-09-29,14:30,Groningen,0–1,Go Ahead Eagles,22040,Euroborg,Rob Dieperink,Match Report,
Eredivisie,7,Sun,2024-09-29,14:30,Twente,1–0,NAC Breda,29750,De Grolsch Veste,Martin van den Kerkhof,Match Report,
Eredivisie,7,Sun,2024-09-29,16:45,RKC Waalwijk,0–2,Ajax,7254,Mandemakers Stadion,Jochem Kamphuis,Match Report,
Eredivisie,7,Sun,2024-09-29,20:00,AZ Alkmaar,1–2,Utrecht,17573,AFAS Stadion,Danny Makkelie,Match Report,
,,,,,,,,,,,,
Eredivisie,8,Fri,2024-10-04,20:00,Almere City,0–1,Willem II,3368,Yanmar Stadion,Jannick van der Laan,Match Report,
Eredivisie,8,Sat,2024-10-05,18:45,NAC Breda,1–0,NEC Nijmegen,18523,Rat Verlegh Stadion,Ingmar Oostrom,Match Report,
Eredivisie,8,Sat,2024-10-05,20:00,PSV,2–1,Sparta R.,34000,Philips Stadion,Danny Makkelie,Match Report,
Eredivisie,8,Sat,2024-10-05,21:00,Utrecht,3–2,RKC Waalwijk,23750,Stadion Galgenwaard,Alex Bos,Match Report,
Eredivisie,8,Sun,2024-10-06,12:15,Go Ahead Eagles,4–1,Heracles Almelo,9997,De Adelaarshorst,Jeroen Manschot,Match Report,
Eredivisie,8,Sun,2024-10-06,14:30,Heerenveen,1–1,Zwolle,24141,Abe Lenstra Stadion,Joey Kooij,Match Report,
Eredivisie,8,Sun,2024-10-06,14:30,Feyenoord,2–1,Twente,47500,Stadion Feijenoord,Serdar Gözübüyük,Match Report,
Eredivisie,8,Sun,2024-10-06,16:45,Ajax,3–1,Groningen,53984,Johan Cruijff Arena,Allard Lindhout,Match Report,
Eredivisie,8,Sun,2024-10-06,20:00,Fortuna Sittard,1–0,AZ Alkmaar,9568,Fortuna Sittard Stadion,Jochem Kamphuis,Match Report,
,,,,,,,,,,,,
Eredivisie,9,Sat,2024-10-19,16:30,Sparta R.,2–2,Almere City,9743,Sparta-Stadion Het Kasteel,Dennis Higler,Match Report,
Eredivisie,9,Sat,2024-10-19,18:45,AZ Alkmaar,1–2,PSV,18804,AFAS Stadion,Allard Lindhout,Match Report,
Eredivisie,9,Sat,2024-10-19,20:00,RKC Waalwijk,2–2,Twente,6674,Mandemakers Stadion,Danny Makkelie,Match Report,
Eredivisie,9,Sat,2024-10-19,20:00,NEC Nijmegen,3–0,Heerenveen,12540,Goffertstadion,Marc Nagtegaal,Match Report,
Eredivisie,9,Sat,2024-10-19,21:00,Go Ahead Eagles,1–5,Feyenoord,9997,De Adelaarshorst,Martin van den Kerkhof,Match Report,
Eredivisie,9,Sun,2024-10-20,12:15,Willem II,0–0,Fortuna Sittard,12084,Koning Willem II Stadion,Rob Dieperink,Match Report,
Eredivisie,9,Sun,2024-10-20,14:30,Heracles Almelo,3–4,Ajax,12161,Erve Asito,Edwin van de Graaf,Match Report,
Eredivisie,9,Sun,2024-10-20,14:30,Groningen,0–1,Utrecht,22160,Euroborg,Serdar Gözübüyük,Match Report,
Eredivisie,9,Sun,2024-10-20,16:45,Zwolle,1–2,NAC Breda,13506,MAC³PARK Stadion,Jeroen Manschot,Match Report,
,,,,,,,,,,,,
Eredivisie,10,Fri,2024-10-25,20:00,Almere City,1–0,NEC Nijmegen,3521,Yanmar Stadion,Alex Bos,Match Report,
Eredivisie,10,Sat,2024-10-26,16:30,Fortuna Sittard,1–0,Groningen,11267,Fortuna Sittard Stadion,Erwin Blank,Match Report,
Eredivisie,10,Sat,2024-10-26,18:45,PSV,6–0,Zwolle,34100,Philips Stadion,Rob Dieperink,Match Report,
Eredivisie,10,Sat,2024-10-26,20:00,NAC Breda,4–1,RKC Waalwijk,18644,Rat Verlegh Stadion,Joey Kooij,Match Report,
Eredivisie,10,Sat,2024-10-26,21:00,Heerenveen,2–0,Sparta R.,23556,Abe Lenstra Stadion,Jannick van der Laan,Match Report,
Eredivisie,10,Sun,2024-10-27,12:15,Utrecht,0–2,Feyenoord,22396,Stadion Galgenwaard,Allard Lindhout,Match Report,
Eredivisie,10,Sun,2024-10-27,14:30,Twente,5–0,Heracles Almelo,30000,De Grolsch Veste,Dennis Higler,Match Report,
Eredivisie,10,Sun,2024-10-27,16:45,Ajax,1–0,Willem II,53359,Johan Cruijff Arena,Bas Nijhuis,Match Report,
Eredivisie,10,Sun,2024-10-27,20:00,AZ Alkmaar,2–2,Go Ahead Eagles,18021,AFAS Stadion,Richard Martens,Match Report,
,,,,,,,,,,,,
Eredivisie,4,Wed,2024-10-30,18:00,Feyenoord,0–2,Ajax,47500,Stadion Feijenoord,Danny Makkelie,Match Report,
,,,,,,,,,,,,
Eredivisie,11,Sat,2024-11-02,16:30,Willem II,0–1,Twente,12775,Koning Willem II Stadion,Ingmar Oostrom,Match Report,
Eredivisie,11,Sat,2024-11-02,18:45,Ajax,3–2,PSV,54831,Johan Cruijff Arena,Serdar Gözübüyük,Match Report,
Eredivisie,11,Sat,2024-11-02,18:45,Heracles Almelo,2–0,NAC Breda,11912,Erve Asito,Jochem Kamphuis,Match Report,
Eredivisie,11,Sat,2024-11-02,21:00,Feyenoord,3–2,AZ Alkmaar,47500,Stadion Feijenoord,Dennis Higler,Match Report,
Eredivisie,11,Sat,2024-11-02,21:00,Fortuna Sittard,3–0,Heerenveen,9469,Fortuna Sittard Stadion,Danny Makkelie,Match Report,
Eredivisie,11,Sun,2024-11-03,12:15,Go Ahead Eagles,2–2,Zwolle,9997,De Adelaarshorst,Bas Nijhuis,Match Report,
Eredivisie,11,Sun,2024-11-03,14:30,Sparta R.,1–4,Utrecht,10231,Sparta-Stadion Het Kasteel,Joey Kooij,Match Report,
Eredivisie,11,Sun,2024-11-03,14:30,NEC Nijmegen,6–0,Groningen,12540,Goffertstadion,Martijn Vos,Match Report,
Eredivisie,11,Sun,2024-11-03,16:45,RKC Waalwijk,2–0,Almere City,6721,Mandemakers Stadion,Jeroen Manschot,Match Report,
,,,,,,,,,,,,
Eredivisie,12,Fri,2024-11-08,20:00,Utrecht,1–0,Heracles Almelo,22036,Stadion Galgenwaard,Robin Hensgens,Match Report,
Eredivisie,12,Sat,2024-11-09,16:30,Groningen,1–0,Sparta R.,21995,Euroborg,Danny Makkelie,Match Report,
Eredivisie,12,Sat,2024-11-09,18:45,Zwolle,3–1,Fortuna Sittard,13772,MAC³PARK Stadion,Edwin van de Graaf,Match Report,
Eredivisie,12,Sat,2024-11-09,20:00,NAC Breda,0–3,PSV,18844,Rat Verlegh Stadion,Sander van der Eijk,Match Report,
Eredivisie,12,Sat,2024-11-09,21:00,RKC Waalwijk,0–3,NEC Nijmegen,6911,Mandemakers Stadion,Erwin Blank,Match Report,
Eredivisie,12,Sun,2024-11-10,12:15,Almere City,1–4,Feyenoord,3877,Yanmar Stadion,Marc Nagtegaal,Match Report,
Eredivisie,12,Sun,2024-11-10,14:30,Twente,2–2,Ajax,30000,De Grolsch Veste,Allard Lindhout,Match Report,
Eredivisie,12,Sun,2024-11-10,14:30,Heerenveen,1–0,Go Ahead Eagles,24497,Abe Lenstra Stadion,Serdar Gözübüyük,Match Report,
Eredivisie,12,Sun,2024-11-10,16:45,AZ Alkmaar,1–2,Willem II,18593,AFAS Stadion,Joey Kooij,Match Report,
,,,,,,,,,,,,
Eredivisie,13,Sat,2024-11-23,16:30,Go Ahead Eagles,3–0,Almere City,9870,De Adelaarshorst,Danny Makkelie,Match Report,
Eredivisie,13,Sat,2024-11-23,18:45,Feyenoord,3–0,Heerenveen,47500,Stadion Feijenoord,Jeroen Manschot,Match Report,
Eredivisie,13,Sat,2024-11-23,18:45,Heracles Almelo,2–2,RKC Waalwijk,11635,Erve Asito,Sander van der Eijk,Match Report,
Eredivisie,13,Sat,2024-11-23,21:00,PSV,5–0,Groningen,33200,Philips Stadion,Joey Kooij,Match Report,
Eredivisie,13,Sat,2024-11-23,21:00,Fortuna Sittard,1–2,Twente,9013,Fortuna Sittard Stadion,Serdar Gözübüyük,Match Report,
Eredivisie,13,Sun,2024-11-24,12:15,NEC Nijmegen,1–2,Utrecht,12540,Goffertstadion,Bas Nijhuis,Match Report,
Eredivisie,13,Sun,2024-11-24,14:30,Willem II,2–2,NAC Breda,13775,Koning Willem II Stadion,Allard Lindhout,Match Report,
Eredivisie,13,Sun,2024-11-24,14:30,Sparta R.,1–2,AZ Alkmaar,10340,Sparta-Stadion Het Kasteel,Jannick van der Laan,Match Report,
Eredivisie,13,Sun,2024-11-24,16:45,Ajax,2–0,Zwolle,53677,Johan Cruijff Arena,Alex Bos,Match Report,
,,,,,,,,,,,,
Eredivisie,14,Fri,2024-11-29,20:00,Heerenveen,1–1,RKC Waalwijk,22196,Abe Lenstra Stadion,Edwin van de Graaf,Match Report,
Eredivisie,14,Sat,2024-11-30,16:30,NAC Breda,1–0,Almere City,18235,Rat Verlegh Stadion,Martin van den Kerkhof,Match Report,
Eredivisie,14,Sat,2024-11-30,18:45,Groningen,2–0,Willem II,22136,Euroborg,Marc Nagtegaal,Match Report,
Eredivisie,14,Sat,2024-11-30,20:00,Feyenoord,1–1,Fortuna Sittard,47500,Stadion Feijenoord,Jannick van der Laan,Match Report,
Eredivisie,14,Sat,2024-11-30,21:00,Zwolle,1–0,Sparta R.,13510,MAC³PARK Stadion,Ingmar Oostrom,Match Report,
Eredivisie,14,Sun,2024-12-01,12:15,Utrecht,2–5,PSV,22479,Stadion Galgenwaard,Danny Makkelie,Match Report,
Eredivisie,14,Sun,2024-12-01,14:30,Twente,3–2,Go Ahead Eagles,29800,De Grolsch Veste,Jeroen Manschot,Match Report,
Eredivisie,14,Sun,2024-12-01,14:30,AZ Alkmaar,1–0,Heracles Almelo,18307,AFAS Stadion,Erwin Blank,Match Report,
Eredivisie,14,Sun,2024-12-01,16:45,NEC Nijmegen,1–2,Ajax,12650,Goffertstadion,Joey Kooij,Match Report,
,,,,,,,,,,,,
Eredivisie,5,Wed,2024-12-04,20:00,Ajax,2–2,Utrecht,53267,Johan Cruijff Arena,Serdar Gözübüyük,Match Report,
,,,,,,,,,,,,
Eredivisie,15,Fri,2024-12-06,20:00,PSV,6–1,Twente,35000,Philips Stadion,Sander van der Eijk,Match Report,
Eredivisie,15,Sat,2024-12-07,16:30,Go Ahead Eagles,5–0,NEC Nijmegen,9997,De Adelaarshorst,Alex Bos,Match Report,
Eredivisie,15,Sat,2024-12-07,18:45,Sparta R.,0–2,NAC Breda,9048,Sparta-Stadion Het Kasteel,Serdar Gözübüyük,Match Report,
Eredivisie,15,Sat,2024-12-07,20:00,RKC Waalwijk,2–3,Feyenoord,7481,Mandemakers Stadion,Bas Nijhuis,Match Report,
Eredivisie,15,Sat,2024-12-07,21:00,Heracles Almelo,2–2,Fortuna Sittard,11134,Erve Asito,Richard Martens,Match Report,
Eredivisie,15,Sun,2024-12-08,12:15,Groningen,0–0,Zwolle,22165,Euroborg,Jeroen Manschot,Match Report,
Eredivisie,15,Sun,2024-12-08,14:30,Willem II,1–2,Heerenveen,12775,Koning Willem II Stadion,Robin Hensgens,Match Report,
Eredivisie,15,Sun,2024-12-08,14:30,AZ Alkmaar,2–1,Ajax,19002,AFAS Stadion,Marc Nagtegaal,Match Report,
Eredivisie,15,Sun,2024-12-08,16:45,Almere City,1–3,Utrecht,3729,Yanmar Stadion,Allard Lindhout,Match Report,
,,,,,,,,,,,,
Eredivisie,16,Fri,2024-12-13,20:00,Zwolle,0–1,Willem II,13789,MAC³PARK Stadion,Joey Kooij,Match Report,
Eredivisie,16,Sat,2024-12-14,18:45,Heerenveen,1–0,PSV,24680,Abe Lenstra Stadion,Bas Nijhuis,Match Report,
Eredivisie,16,Sat,2024-12-14,20:00,Fortuna Sittard,3–2,RKC Waalwijk,10441,Fortuna Sittard Stadion,Marc Nagtegaal,Match Report,
Eredivisie,16,Sat,2024-12-14,21:00,Feyenoord,5–2,Heracles Almelo,47500,Stadion Feijenoord,Danny Makkelie,Match Report,
Eredivisie,16,Sun,2024-12-15,12:15,Utrecht,3–3,Go Ahead Eagles,19676,Stadion Galgenwaard,Sander van der Eijk,Match Report,
Eredivisie,16,Sun,2024-12-15,14:30,NEC Nijmegen,1–1,Sparta R.,12650,Goffertstadion,Martin van den Kerkhof,Match Report,
Eredivisie,16,Sun,2024-12-15,14:30,Twente,2–0,Groningen,29000,De Grolsch Veste,Alex Bos,Match Report,
Eredivisie,16,Sun,2024-12-15,16:45,Ajax,3–0,Almere City,54231,Johan Cruijff Arena,Jeroen Manschot,Match Report,
Eredivisie,16,Sun,2024-12-15,20:00,NAC Breda,1–2,AZ Alkmaar,18112,Rat Verlegh Stadion,Edwin van de Graaf,Match Report,
,,,,,,,,,,,,
Eredivisie,17,Fri,2024-12-20,20:00,RKC Waalwijk,1–1,Zwolle,6152,Mandemakers Stadion,Edwin van de Graaf,Match Report,
Eredivisie,17,Sat,2024-12-21,16:30,Go Ahead Eagles,2–1,NAC Breda,9997,De Adelaarshorst,Bas Nijhuis,Match Report,
Eredivisie,17,Sat,2024-12-21,18:45,Almere City,3–0,Heerenveen,3142,Yanmar Stadion,Martijn Vos,Match Report,
Eredivisie,17,Sat,2024-12-21,20:00,AZ Alkmaar,1–0,Twente,18503,AFAS Stadion,Joey Kooij,Match Report,
Eredivisie,17,Sun,2024-12-22,12:15,Sparta R.,0–2,Ajax,10599,Sparta-Stadion Het Kasteel,Allard Lindhout,Match Report,
Eredivisie,17,Sun,2024-12-22,14:30,Utrecht,2–5,Fortuna Sittard,21882,Stadion Galgenwaard,Alex Bos,Match Report,
Eredivisie,17,Sun,2024-12-22,14:30,PSV,3–0,Feyenoord,35200,Philips Stadion,Serdar Gözübüyük,Match Report,
Eredivisie,17,Sun,2024-12-22,16:45,Willem II,4–1,NEC Nijmegen,12575,Koning Willem II Stadion,Richard Martens,Match Report,
,,,,,,,,,,,,
Eredivisie,18,Fri,2025-01-10,20:00,Fortuna Sittard,0–3,Go Ahead Eagles,9767,Fortuna Sittard Stadion,Rob Dieperink,Match Report,
Eredivisie,18,Sat,2025-01-11,16:30,Heracles Almelo,1–1,Sparta R.,12010,Erve Asito,Serdar Gözübüyük,Match Report,
Eredivisie,18,Sat,2025-01-11,18:45,Ajax,2–1,RKC Waalwijk,54055,Johan Cruijff Arena,Alex Bos,Match Report,
Eredivisie,18,Sat,2025-01-11,20:00,Zwolle,0–1,NEC Nijmegen,13701,MAC³PARK Stadion,Dennis Higler,Match Report,
Eredivisie,18,Sat,2025-01-11,21:00,PSV,2–2,AZ Alkmaar,34800,Philips Stadion,Danny Makkelie,Match Report,
Eredivisie,18,Sun,2025-01-12,12:15,Twente,6–2,Willem II,29500,De Grolsch Veste,Jeroen Manschot,Match Report,
Eredivisie,18,Sun,2025-01-12,14:30,Feyenoord,1–2,Utrecht,47500,Stadion Feijenoord,Bas Nijhuis,Match Report,
Eredivisie,18,Sun,2025-01-12,14:30,Groningen,0–0,Almere City,22122,Euroborg,Erwin Blank,Match Report,
Eredivisie,18,Sun,2025-01-12,16:45,NAC Breda,2–4,Heerenveen,18095,Rat Verlegh Stadion,Sander van der Eijk,Match Report,
,,,,,,,,,,,,
Eredivisie,19,Sat,2025-01-18,16:30,Zwolle,3–1,PSV,13793,MAC³PARK Stadion,Jeroen Manschot,Match Report,
Eredivisie,19,Sat,2025-01-18,18:45,Utrecht,0–0,AZ Alkmaar,22348,Stadion Galgenwaard,Dennis Higler,Match Report,
Eredivisie,19,Sat,2025-01-18,20:00,Willem II,1–1,Feyenoord,13775,Koning Willem II Stadion,Danny Makkelie,Match Report,
Eredivisie,19,Sat,2025-01-18,21:00,Go Ahead Eagles,2–1,Groningen,9997,De Adelaarshorst,Serdar Gözübüyük,Match Report,
Eredivisie,19,Sun,2025-01-19,12:15,NAC Breda,2–1,Twente,18597,Rat Verlegh Stadion,Rob Dieperink,Match Report,
Eredivisie,19,Sun,2025-01-19,14:30,Almere City,0–2,Heracles Almelo,4182,Yanmar Stadion,Ingmar Oostrom,Match Report,
Eredivisie,19,Sun,2025-01-19,14:30,Heerenveen,0–2,Ajax,25248,Abe Lenstra Stadion,Joey Kooij,Match Report,
Eredivisie,19,Sun,2025-01-19,16:45,NEC Nijmegen,4–1,Fortuna Sittard,12650,Goffertstadion,Marc Nagtegaal,Match Report,
Eredivisie,19,Sun,2025-01-19,20:00,Sparta R.,1–1,RKC Waalwijk,9030,Sparta-Stadion Het Kasteel,Pol van Boekel,Match Report,
,,,,,,,,,,,,
Eredivisie,20,Fri,2025-01-24,20:00,Heracles Almelo,1–1,Utrecht,11945,Erve Asito,Allard Lindhout,Match Report,
Eredivisie,20,Sat,2025-01-25,18:45,PSV,3–2,NAC Breda,35150,Philips Stadion,Dennis Higler,Match Report,
Eredivisie,20,Sat,2025-01-25,21:00,Groningen,1–0,Heerenveen,22525,Euroborg,Danny Makkelie,Match Report,
Eredivisie,20,Sun,2025-01-26,12:15,Fortuna Sittard,1–4,Zwolle,9712,Fortuna Sittard Stadion,Pol van Boekel,Match Report,
Eredivisie,20,Sun,2025-01-26,14:30,RKC Waalwijk,2–0,Willem II,6639,Mandemakers Stadion,Jeroen Manschot,Match Report,
Eredivisie,20,Sun,2025-01-26,16:45,AZ Alkmaar,1–2,Sparta R.,17758,AFAS Stadion,Rob Dieperink,Match Report,
,,,,,,,,,,,,
Eredivisie,17,Tue,2025-01-28,20:00,Heracles Almelo,1–1,Groningen,5128,Erve Asito,Sander van der Eijk,Match Report,
,,,,,,,,,,,,
Eredivisie,21,Fri,2025-01-31,20:00,NAC Breda,1–1,Heracles Almelo,18212,Rat Verlegh Stadion,Martin van den Kerkhof,Match Report,
Eredivisie,21,Sat,2025-02-01,18:45,Zwolle,3–3,Utrecht,13914,MAC³PARK Stadion,Joey Kooij,Match Report,
Eredivisie,21,Sat,2025-02-01,20:00,Heerenveen,2–2,Fortuna Sittard,22273,Abe Lenstra Stadion,Erwin Blank,Match Report,
Eredivisie,21,Sat,2025-02-01,21:00,NEC Nijmegen,3–3,PSV,12650,Goffertstadion,Serdar Gözübüyük,Match Report,
Eredivisie,21,Sun,2025-02-02,12:15,Almere City,1–4,RKC Waalwijk,3146,Yanmar Stadion,Allard Lindhout,Match Report,
Eredivisie,21,Sun,2025-02-02,14:30,Go Ahead Eagles,2–2,Twente,9997,De Adelaarshorst,Dennis Higler,Match Report,
Eredivisie,21,Sun,2025-02-02,14:30,Ajax,2–1,Feyenoord,54913,Johan Cruijff Arena,Danny Makkelie,Match Report,
Eredivisie,21,Sun,2025-02-02,16:45,Sparta R.,1–0,Groningen,9588,Sparta-Stadion Het Kasteel,Alex Bos,Match Report,
Eredivisie,21,Sun,2025-02-02,20:00,Willem II,0–2,AZ Alkmaar,11650,Koning Willem II Stadion,Marc Nagtegaal,Match Report,
,,,,,,,,,,,,
Eredivisie,22,Sat,2025-02-08,16:30,Heracles Almelo,4–2,Go Ahead Eagles,11674,Erve Asito,Danny Makkelie,Match Report,
Eredivisie,22,Sat,2025-02-08,18:45,PSV,1–1,Willem II,34460,Philips Stadion,Allard Lindhout,Match Report,
Eredivisie,22,Sat,2025-02-08,20:00,Groningen,2–1,NEC Nijmegen,22116,Euroborg,Martin van den Kerkhof,Match Report,
Eredivisie,22,Sat,2025-02-08,21:00,Feyenoord,3–0,Sparta R.,43000,Stadion Feijenoord,Serdar Gözübüyük,Match Report,
Eredivisie,22,Sun,2025-02-09,12:15,Utrecht,0–1,Almere City,21478,Stadion Galgenwaard,Robin Hensgens,Match Report,
Eredivisie,22,Sun,2025-02-09,14:30,RKC Waalwijk,5–0,NAC Breda,6792,Mandemakers Stadion,Bas Nijhuis,Match Report,
Eredivisie,22,Sun,2025-02-09,14:30,Fortuna Sittard,0–2,Ajax,12240,Fortuna Sittard Stadion,Dennis Higler,Match Report,
Eredivisie,22,Sun,2025-02-09,16:45,Heerenveen,3–3,Twente,22785,Abe Lenstra Stadion,Jeroen Manschot,Match Report,
Eredivisie,22,Sun,2025-02-09,16:45,AZ Alkmaar,2–0,Zwolle,17542,AFAS Stadion,Sander van der Eijk,Match Report,
,,,,,,,,,,,,
Eredivisie,23,Fri,2025-02-14,20:00,Go Ahead Eagles,1–0,Sparta R.,8235,De Adelaarshorst,Allard Lindhout,Match Report,
Eredivisie,23,Sat,2025-02-15,16:30,PSV,2–2,Utrecht,34600,Philips Stadion,Serdar Gözübüyük,Match Report,
Eredivisie,23,Sat,2025-02-15,18:45,NAC Breda,0–0,Feyenoord,18888,Rat Verlegh Stadion,Dennis Higler,Match Report,
Eredivisie,23,Sat,2025-02-15,21:00,Willem II,1–3,Groningen,13800,Koning Willem II Stadion,Bas Nijhuis,Match Report,
Eredivisie,23,Sun,2025-02-16,12:15,NEC Nijmegen,2–2,Almere City,12560,Goffertstadion,Edwin van de Graaf,Match Report,
Eredivisie,23,Sun,2025-02-16,14:30,Zwolle,1–1,Heerenveen,13749,MAC³PARK Stadion,Ingmar Oostrom,Match Report,
Eredivisie,23,Sun,2025-02-16,14:30,Twente,2–0,RKC Waalwijk,29500,De Grolsch Veste,Pol van Boekel,Match Report,
Eredivisie,23,Sun,2025-02-16,16:45,Ajax,4–0,Heracles Almelo,54439,Johan Cruijff Arena,Marc Nagtegaal,Match Report,
,,,,,,,,,,,,
Eredivisie,20,Sat,2025-02-22,20:00,Feyenoord,2–1,Almere City,47500,Stadion Feijenoord,Jeroen Manschot,Match Report,
Eredivisie,20,Sun,2025-02-23,14:30,Twente,2–0,NEC Nijmegen,30000,De Grolsch Veste,Danny Makkelie,Match Report,
Eredivisie,20,Sun,2025-02-23,14:30,Ajax,2–0,Go Ahead Eagles,54871,Johan Cruijff Arena,Joey Kooij,Match Report,
,,,,,,,,,,,,
Eredivisie,23,Sun,2025-02-23,16:45,AZ Alkmaar,1–0,Fortuna Sittard,17649,AFAS Stadion,Jannick van der Laan,Match Report,
,,,,,,,,,,,,
Eredivisie,24,Fri,2025-02-28,20:00,RKC Waalwijk,1–2,Fortuna Sittard,7021,Mandemakers Stadion,Martin van den Kerkhof,Match Report,
Eredivisie,24,Sat,2025-03-01,16:30,Utrecht,1–0,NAC Breda,22348,Stadion Galgenwaard,Erwin Blank,Match Report,
Eredivisie,24,Sat,2025-03-01,18:45,Go Ahead Eagles,3–2,PSV,9997,De Adelaarshorst,Pol van Boekel,Match Report,
Eredivisie,24,Sat,2025-03-01,20:00,Groningen,1–1,Twente,22525,Euroborg,Dennis Higler,Match Report,
Eredivisie,24,Sat,2025-03-01,21:00,Feyenoord,0–0,NEC Nijmegen,47500,Stadion Feijenoord,Rob Dieperink,Match Report,
Eredivisie,24,Sun,2025-03-02,12:15,Heerenveen,3–1,AZ Alkmaar,21600,Abe Lenstra Stadion,Alex Bos,Match Report,
Eredivisie,24,Sun,2025-03-02,14:30,Almere City,0–1,Ajax,4212,Yanmar Stadion,Serdar Gözübüyük,Match Report,
Eredivisie,24,Sun,2025-03-02,14:30,Heracles Almelo,4–2,Zwolle,11632,Erve Asito,Martijn Vos,Match Report,
Eredivisie,24,Sun,2025-03-02,16:45,Sparta R.,4–0,Willem II,10031,Sparta-Stadion Het Kasteel,Danny Makkelie,Match Report,
,,,,,,,,,,,,
Eredivisie,25,Fri,2025-03-07,20:00,NAC Breda,1–1,Sparta R.,18730,Rat Verlegh Stadion,Serdar Gözübüyük,Match Report,
Eredivisie,25,Sat,2025-03-08,16:30,Fortuna Sittard,1–0,Heracles Almelo,10138,Fortuna Sittard Stadion,Joey Kooij,Match Report,
Eredivisie,25,Sat,2025-03-08,20:00,PSV,2–1,Heerenveen,33800,Philips Stadion,Danny Makkelie,Match Report,
Eredivisie,25,Sun,2025-03-09,12:15,Willem II,2–3,Utrecht,13500,Koning Willem II Stadion,Allard Lindhout,Match Report,
Eredivisie,25,Sun,2025-03-09,14:30,Zwolle,0–1,Ajax,14000,MAC³PARK Stadion,Bas Nijhuis,Match Report,
Eredivisie,25,Sun,2025-03-09,14:30,NEC Nijmegen,2–3,Go Ahead Eagles,12650,Goffertstadion,Sander van der Eijk,Match Report,
Eredivisie,25,Sun,2025-03-09,16:45,Twente,1–0,Almere City,29500,De Grolsch Veste,Marc Nagtegaal,Match Report,
,,,,,,,,,,,,
Eredivisie,26,Fri,2025-03-14,20:00,Almere City,1–1,NAC Breda,3988,Yanmar Stadion,Bas Nijhuis,Match Report,
Eredivisie,26,Sat,2025-03-15,16:30,Utrecht,0–1,NEC Nijmegen,22532,Stadion Galgenwaard,Martin van den Kerkhof,Match Report,
Eredivisie,26,Sat,2025-03-15,18:45,Sparta R.,1–1,Zwolle,10111,Sparta-Stadion Het Kasteel,Rob Dieperink,Match Report,
Eredivisie,26,Sat,2025-03-15,20:00,RKC Waalwijk,0–3,PSV,7508,Mandemakers Stadion,Jeroen Manschot,Match Report,
Eredivisie,26,Sat,2025-03-15,21:00,Heerenveen,1–1,Heracles Almelo,23088,Abe Lenstra Stadion,Edwin van de Graaf,Match Report,
Eredivisie,26,Sun,2025-03-16,12:15,Go Ahead Eagles,1–0,Willem II,9997,De Adelaarshorst,Robin Hensgens,Match Report,
Eredivisie,26,Sun,2025-03-16,14:30,Groningen,1–0,Fortuna Sittard,22403,Euroborg,Allard Lindhout,Match Report,
Eredivisie,26,Sun,2025-03-16,14:30,Twente,2–6,Feyenoord,30000,De Grolsch Veste,Serdar Gözübüyük,Match Report,
Eredivisie,26,Sun,2025-03-16,16:45,Ajax,2–2,AZ Alkmaar,54215,Johan Cruijff Arena,Dennis Higler,Match Report,
,,,,,,,,,,,,
Eredivisie,27,Sat,2025-03-29,16:30,NAC Breda,1–1,Groningen,18896,Rat Verlegh Stadion,Alex Bos,Match Report,
Eredivisie,27,Sat,2025-03-29,18:45,Willem II,0–2,Almere City,13875,Koning Willem II Stadion,Sander van der Eijk,Match Report,
Eredivisie,27,Sat,2025-03-29,18:45,Fortuna Sittard,0–3,Sparta R.,11122,Fortuna Sittard Stadion,Ingmar Oostrom,Match Report,
Eredivisie,27,Sat,2025-03-29,21:00,NEC Nijmegen,3–3,AZ Alkmaar,12650,Goffertstadion,Erwin Blank,Match Report,
Eredivisie,27,Sat,2025-03-29,21:00,Zwolle,2–0,RKC Waalwijk,13650,MAC³PARK Stadion,Danny Makkelie,Match Report,
Eredivisie,27,Sun,2025-03-30,12:15,Utrecht,2–0,Heerenveen,22366,Stadion Galgenwaard,Jannick van der Laan,Match Report,
Eredivisie,27,Sun,2025-03-30,14:30,Heracles Almelo,2–1,Twente,12161,Erve Asito,Jeroen Manschot,Match Report,
Eredivisie,27,Sun,2025-03-30,14:30,PSV,0–2,Ajax,34400,Philips Stadion,Serdar Gözübüyük,Match Report,
Eredivisie,27,Sun,2025-03-30,16:45,Feyenoord,3–2,Go Ahead Eagles,47500,Stadion Feijenoord,Bas Nijhuis,Match Report,
,,,,,,,,,,,,
Eredivisie,25,Tue,2025-04-01,20:00,AZ Alkmaar,2–2,RKC Waalwijk,16830,AFAS Stadion,Rob Dieperink,Match Report,
Eredivisie,25,Wed,2025-04-02,20:00,Feyenoord,4–1,Groningen,47500,Stadion Feijenoord,Marc Nagtegaal,Match Report,
,,,,,,,,,,,,
Eredivisie,28,Fri,2025-04-04,20:00,Heerenveen,3–1,Willem II,23865,Abe Lenstra Stadion,Martin van den Kerkhof,Match Report,
Eredivisie,28,Sat,2025-04-05,16:30,AZ Alkmaar,0–1,Feyenoord,18339,AFAS Stadion,Jeroen Manschot,Match Report,
Eredivisie,28,Sat,2025-04-05,18:45,Twente,1–1,Fortuna Sittard,29500,De Grolsch Veste,Jannick van der Laan,Match Report,
Eredivisie,28,Sat,2025-04-05,20:00,Groningen,1–3,PSV,22525,Euroborg,Bas Nijhuis,Match Report,
Eredivisie,28,Sat,2025-04-05,21:00,Almere City,2–2,Zwolle,3783,Yanmar Stadion,Joey Kooij,Match Report,
Eredivisie,28,Sun,2025-04-06,12:15,RKC Waalwijk,0–0,Heracles Almelo,6982,Mandemakers Stadion,Marc Nagtegaal,Match Report,
Eredivisie,28,Sun,2025-04-06,14:30,Sparta R.,2–0,NEC Nijmegen,10007,Sparta-Stadion Het Kasteel,Robin Hensgens,Match Report,
Eredivisie,28,Sun,2025-04-06,14:30,Go Ahead Eagles,2–2,Utrecht,9997,De Adelaarshorst,Serdar Gözübüyük,Match Report,
Eredivisie,28,Sun,2025-04-06,16:45,Ajax,3–1,NAC Breda,53420,Johan Cruijff Arena,Danny Makkelie,Match Report,
,,,,,,,,,,,,
Eredivisie,29,Fri,2025-04-11,20:00,NEC Nijmegen,2–1,RKC Waalwijk,12650,Goffertstadion,Dennis Higler,Match Report,
Eredivisie,29,Sat,2025-04-12,16:30,Fortuna Sittard,0–2,Feyenoord,12704,Fortuna Sittard Stadion,Alex Bos,Match Report,
Eredivisie,29,Sat,2025-04-12,18:45,Sparta R.,3–1,Heerenveen,10150,Sparta-Stadion Het Kasteel,Sander van der Eijk,Match Report,
Eredivisie,29,Sat,2025-04-12,20:00,PSV,5–0,Almere City,33600,Philips Stadion,Allard Lindhout,Match Report,
Eredivisie,29,Sat,2025-04-12,21:00,NAC Breda,1–1,Go Ahead Eagles,18742,Rat Verlegh Stadion,Joey Kooij,Match Report,
Eredivisie,29,Sun,2025-04-13,12:15,Utrecht,3–1,Groningen,22711,Stadion Galgenwaard,Edwin van de Graaf,Match Report,
Eredivisie,29,Sun,2025-04-13,14:30,Zwolle,1–1,Twente,13909,MAC³PARK Stadion,Erwin Blank,Match Report,
Eredivisie,29,Sun,2025-04-13,14:30,Heracles Almelo,1–0,AZ Alkmaar,12161,Erve Asito,Serdar Gözübüyük,Match Report,
Eredivisie,29,Sun,2025-04-13,16:45,Willem II,1–2,Ajax,14000,Koning Willem II Stadion,Marc Nagtegaal,Match Report,
,,,,,,,,,,,,
Eredivisie,31,Sat,2025-04-19,20:00,Heerenveen,2–1,Almere City,23012,Abe Lenstra Stadion,Robin Hensgens,Match Report,
Eredivisie,31,Sun,2025-04-20,12:15,Utrecht,4–0,Ajax,22516,Stadion Galgenwaard,Bas Nijhuis,Match Report,
,,,,,,,,,,,,
Eredivisie,30,Wed,2025-04-23,20:00,Groningen,4–1,Heracles Almelo,22525,Euroborg,Ingmar Oostrom,Match Report,
Eredivisie,30,Thu,2025-04-24,18:45,AZ Alkmaar,1–1,NAC Breda,17537,AFAS Stadion,Martin van den Kerkhof,Match Report,
Eredivisie,30,Thu,2025-04-24,21:00,Twente,1–3,PSV,30000,De Grolsch Veste,Danny Makkelie,Match Report,
Eredivisie,30,Fri,2025-04-25,18:45,RKC Waalwijk,0–4,Utrecht,7183,Mandemakers Stadion,Allard Lindhout,Match Report,
Eredivisie,30,Fri,2025-04-25,21:00,Feyenoord,4–0,Zwolle,47500,Stadion Feijenoord,Dennis Higler,Match Report,
Eredivisie,30,Sun,2025-04-27,12:15,Fortuna Sittard,1–0,Willem II,10251,Fortuna Sittard Stadion,Serdar Gözübüyük,Match Report,
Eredivisie,30,Sun,2025-04-27,14:30,Heerenveen,1–0,NEC Nijmegen,24639,Abe Lenstra Stadion,Jannick van der Laan,Match Report,
Eredivisie,30,Sun,2025-04-27,14:30,Ajax,1–1,Sparta R.,54676,Johan Cruijff Arena,Rob Dieperink,Match Report,
Eredivisie,30,Sun,2025-04-27,16:45,Almere City,0–0,Go Ahead Eagles,3660,Yanmar Stadion,Jeroen Manschot,Match Report,
,,,,,,,,,,,,
Eredivisie,31,Sat,2025-05-03,16:30,NEC Nijmegen,1–1,Willem II,12650,Goffertstadion,Danny Makkelie,Match Report,
Eredivisie,31,Sat,2025-05-03,18:45,Heracles Almelo,1–4,Feyenoord,12161,Erve Asito,Allard Lindhout,Match Report,
Eredivisie,31,Sat,2025-05-03,20:00,Groningen,6–1,RKC Waalwijk,22525,Euroborg,Serdar Gözübüyük,Match Report,
Eredivisie,31,Sat,2025-05-03,21:00,PSV,4–1,Fortuna Sittard,34200,Philips Stadion,Rob Dieperink,Match Report,
Eredivisie,31,Sun,2025-05-04,12:15,NAC Breda,1–3,Zwolle,18803,Rat Verlegh Stadion,Marc Nagtegaal,Match Report,
Eredivisie,31,Sun,2025-05-04,14:30,Sparta R.,0–2,Twente,10499,Sparta-Stadion Het Kasteel,Joey Kooij,Match Report,
Eredivisie,31,Sun,2025-05-04,14:30,Go Ahead Eagles,0–3,AZ Alkmaar,9997,De Adelaarshorst,Bas Nijhuis,Match Report,
,,,,,,,,,,,,
Eredivisie,32,Fri,2025-05-09,20:00,Willem II,1–2,Heracles Almelo,14500,Koning Willem II Stadion,Jeroen Manschot,Match Report,
Eredivisie,32,Sat,2025-05-10,16:30,RKC Waalwijk,3–1,Heerenveen,6128,Mandemakers Stadion,Edwin van de Graaf,Match Report,
Eredivisie,32,Sat,2025-05-10,18:45,Fortuna Sittard,1–0,NAC Breda,12077,Fortuna Sittard Stadion,Dennis Higler,Match Report,
Eredivisie,32,Sat,2025-05-10,21:00,Almere City,0–3,Sparta R.,3680,Yanmar Stadion,Allard Lindhout,Match Report,
Eredivisie,32,Sun,2025-05-11,12:15,Zwolle,1–1,Go Ahead Eagles,14000,MAC³PARK Stadion,Joey Kooij,Match Report,
Eredivisie,32,Sun,2025-05-11,14:30,Twente,2–0,Utrecht,30000,De Grolsch Veste,Marc Nagtegaal,Match Report,
Eredivisie,32,Sun,2025-05-11,14:30,Feyenoord,2–3,PSV,47500,Stadion Feijenoord,Danny Makkelie,Match Report,
Eredivisie,32,Sun,2025-05-11,16:45,AZ Alkmaar,3–0,Groningen,17856,AFAS Stadion,Sander van der Eijk,Match Report,
Eredivisie,32,Sun,2025-05-11,16:45,Ajax,0–3,NEC Nijmegen,54535,Johan Cruijff Arena,Serdar Gözübüyük,Match Report,
,,,,,,,,,,,,
First Round,,Mon,2025-05-12,20:00,Den Bosch,1–0,Cambuur,6289,Stadion De Vliert,Alex Bos,Match Report,Leg 1 of 2
First Round,,Tue,2025-05-13,18:45,Telstar,2–0,ADO Den Haag,4177,711 Stadion,Rob Dieperink,Match Report,Leg 1 of 2
First Round,,Tue,2025-05-13,21:00,De Graafschap,0–0,Dordrecht,10012,Stadion De Vijverberg,Martijn Vos,Match Report,Leg 1 of 2
Eredivisie,33,Wed,2025-05-14,20:00,Twente,2–3,AZ Alkmaar,29500,De Grolsch Veste,Allard Lindhout,Match Report,
Eredivisie,33,Wed,2025-05-14,20:00,PSV,4–1,Heracles Almelo,34700,Philips Stadion,Bas Nijhuis,Match Report,
Eredivisie,33,Wed,2025-05-14,20:00,Feyenoord,2–0,RKC Waalwijk,47500,Stadion Feijenoord,Marc Nagtegaal,Match Report,
Eredivisie,33,Wed,2025-05-14,20:00,NEC Nijmegen,3–0,NAC Breda,12650,Goffertstadion,Erwin Blank,Match Report,
Eredivisie,33,Wed,2025-05-14,20:00,Go Ahead Eagles,1–0,Heerenveen,9997,De Adelaarshorst,Robin Hensgens,Match Report,
Eredivisie,33,Wed,2025-05-14,20:00,Willem II,1–2,Zwolle,14000,Koning Willem II Stadion,Serdar Gözübüyük,Match Report,
Eredivisie,33,Wed,2025-05-14,20:00,Groningen,2–2,Ajax,22525,Euroborg,Jeroen Manschot,Match Report,
Eredivisie,33,Wed,2025-05-14,20:00,Almere City,1–1,Fortuna Sittard,2921,Yanmar Stadion,Danny Makkelie,Match Report,
Eredivisie,33,Wed,2025-05-14,20:00,Utrecht,1–1,Sparta R.,22351,Stadion Galgenwaard,Dennis Higler,Match Report,
,,,,,,,,,,,,
First Round,,Fri,2025-05-16,20:00,Cambuur,1–1,Den Bosch,14027,Kooi Stadion,Jannick van der Laan,Match Report,Leg 2 of 2; Den Bosch won; Required Extra Time
First Round,,Sat,2025-05-17,16:30,ADO Den Haag,0–1,Telstar,8793,Bingoal Stadion,Marc Nagtegaal,Match Report,Leg 2 of 2; Telstar won
First Round,,Sat,2025-05-17,20:00,Dordrecht,2–0,De Graafschap,4100,M-Scores Stadion,Robin Hensgens,Match Report,Leg 2 of 2; Dordrecht won
Eredivisie,34,Sun,2025-05-18,14:30,Zwolle,2–0,Groningen,14000,MAC³PARK Stadion,Bas Nijhuis,Match Report,
Eredivisie,34,Sun,2025-05-18,14:30,AZ Alkmaar,1–1,Almere City,18023,AFAS Stadion,Ingmar Oostrom,Match Report,
Eredivisie,34,Sun,2025-05-18,14:30,Heerenveen,2–0,Feyenoord,23487,Abe Lenstra Stadion,Jeroen Manschot,Match Report,
Eredivisie,34,Sun,2025-05-18,14:30,Sparta R.,1–3,PSV,10599,Sparta-Stadion Het Kasteel,Serdar Gözübüyük,Match Report,
Eredivisie,34,Sun,2025-05-18,14:30,Ajax,2–0,Twente,53609,Johan Cruijff Arena,Danny Makkelie,Match Report,
Eredivisie,34,Sun,2025-05-18,14:30,RKC Waalwijk,5–3,Go Ahead Eagles,6369,Mandemakers Stadion,Alex Bos,Match Report,
Eredivisie,34,Sun,2025-05-18,14:30,Fortuna Sittard,0–0,Utrecht,11023,Fortuna Sittard Stadion,Martijn Vos,Match Report,
Eredivisie,34,Sun,2025-05-18,14:30,Heracles Almelo,1–2,NEC Nijmegen,12161,Erve Asito,Martin van den Kerkhof,Match Report,
Eredivisie,34,Sun,2025-05-18,14:30,NAC Breda,1–1,Willem II,18172,Rat Verlegh Stadion,Sander van der Eijk,Match Report,
,,,,,,,,,,,,
Semi-finals,,Tue,2025-05-20,20:00,Den Bosch,0–0,Telstar,,Stadion De Vliert,Allard Lindhout,Match Report,Leg 1 of 2
Semi-finals,,Wed,2025-05-21,18:45,Dordrecht,2–1,Willem II,,M-Scores Stadion,Rob Dieperink,Match Report,Leg 1 of 2
European competition qualification play-offs — Semi-finals,,Thu,2025-05-22,18:45,AZ Alkmaar,4–1,Heerenveen,12007,AFAS Stadion,Marc Nagtegaal,Match Report,
European competition qualification play-offs — Semi-finals,,Thu,2025-05-22,21:00,Twente,3–2,NEC Nijmegen,27000,De Grolsch Veste,Sander van der Eijk,Match Report,Required Extra Time
Semi-finals,,Fri,2025-05-23,20:00,Telstar,2–1,Den Bosch,4077,711 Stadion,Bas Nijhuis,Match Report,Leg 2 of 2; Telstar won; Required Extra Time
Semi-finals,,Sat,2025-05-24,20:00,Willem II,(5) 3–2 (4),Dordrecht,13200,Koning Willem II Stadion,Dennis Higler,Match Report,Leg 2 of 2; Willem II won; Willem II won a penalty shoot-out following extra time
European competition qualification play-offs — Finals,,Sun,2025-05-25,18:00,AZ Alkmaar,3–2,Twente,14154,AFAS Stadion,Serdar Gözübüyük,Match Report,
Final,,Thu,2025-05-29,20:00,Telstar,2–2,Willem II,4177,711 Stadion,Jeroen Manschot,Match Report,Leg 1 of 2
Final,,Sun,2025-06-01,18:00,Willem II,1–3,Telstar,14500,Koning Willem II Stadion,Danny Makkelie,Match Report,Leg 2 of 2; Telstar won
