Wk,Day,Date,Time,Home,Score,Away,Attendance,Venue,Referee,Match Report,Notes
1,Fri,2026-08-28,20:30,Bayern Munich,5–1,Stuttgart,75000,Allianz Arena,Sören Storks,Match Report,
1,Sat,2026-08-29,15:30,RB Leipzig,3–0,Gladbach,47800,Red Bull Arena,Sven Jablonski,Match Report,
1,Sat,2026-08-29,15:30,Elversberg,3–2,Leverkusen,9307,Ursapharm-Arena an der Kaiserlinde,Robert Hartmann,Match Report,
1,Sat,2026-08-29,15:30,Mainz 05,0–0,Paderborn 07,33305,Mewa Arena,Tobias Stieler,Match Report,
1,Sat,2026-08-29,15:30,Union Berlin,3–3,Frankfurt,22012,Stadion An der Alten Försterei,Bastian Dankert,Match Report,
1,Sat,2026-08-29,15:30,Köln,3–2,Hoffenheim,49700,RheinEnergieSTADION,Florian Badstübner,Match Report,
1,Sat,2026-08-29,18:30,Dortmund,2–0,Hamburger SV,81365,Signal Iduna Park,Felix Zwayer,Match Report,
1,Sun,2026-08-30,15:30,Freiburg,4–1,Werder Bremen,34700,Europa-Park Stadion,Daniel Siebert,Match Report,
1,Sun,2026-08-30,17:30,Augsburg,3–0,Schalke 04,30660,WWK Arena,Sascha Stegemann,Match Report,
,,,,,,,,,,,
2,Fri,2026-09-04,20:30,Stuttgart,4–1,Köln,60058,MHPArena,Christian Dingert,Match Report,
2,Sat,2026-09-05,15:30,Hoffenheim,2–3,Dortmund,30150,PreZero Arena,Matthias Jöllenbeck,Match Report,
2,Sat,2026-09-05,15:30,Werder Bremen,3–1,RB Leipzig,39700,Weserstadion,Benjamin Brand,Match Report,
2,Sat,2026-09-05,15:30,Leverkusen,4–0,Union Berlin,29629,BayArena,Robin Braun,Match Report,
2,Sat,2026-09-05,15:30,Gladbach,3–4,Elversberg,51042,Stadion im Borussia-Park,Martin Petersen,Match Report,
2,Sat,2026-09-05,15:30,Paderborn 07,0–1,Freiburg,15000,Home Deluxe Arena,Max Burda,Match Report,
2,Sat,2026-09-05,18:30,Schalke 04,0–0,Bayern Munich,62094,Veltins-Arena,Robert Schröder,Match Report,
2,Sun,2026-09-06,15:30,Hamburger SV,0–5,Mainz 05,57000,Volksparkstadion,Tobias Reichel,Match Report,
2,Sun,2026-09-06,17:30,Frankfurt,1–4,Augsburg,59100,Deutsche Bank Park,Daniel Schlager,Match Report,
,,,,,,,,,,,
3,Fri,2026-09-11,20:30,Union Berlin,,Schalke 04,,Stadion An der Alten Försterei,,Head-to-Head,
3,Sat,2026-09-12,15:30,Mainz 05,,Frankfurt,,Mewa Arena,,Head-to-Head,
3,Sat,2026-09-12,15:30,Freiburg,,Gladbach,,Europa-Park Stadion,,Head-to-Head,
3,Sat,2026-09-12,15:30,Dortmund,,Paderborn 07,,Signal Iduna Park,,Head-to-Head,
3,Sat,2026-09-12,15:30,Augsburg,,Leverkusen,,WWK Arena,,Head-to-Head,
3,Sat,2026-09-12,15:30,Hoffenheim,,Stuttgart,,PreZero Arena,,Head-to-Head,
3,Sat,2026-09-12,18:30,Köln,,Werder Bremen,,RheinEnergieSTADION,,Head-to-Head,
3,Sun,2026-09-13,15:30,RB Leipzig,,Hamburger SV,,Red Bull Arena,,Head-to-Head,
3,Sun,2026-09-13,17:30,Elversberg,,Bayern Munich,,Ursapharm-Arena an der Kaiserlinde,,Head-to-Head,
,,,,,,,,,,,
4,Fri,2026-09-18,20:30,Bayern Munich,,Union Berlin,,Allianz Arena,,Head-to-Head,
4,Sat,2026-09-19,15:30,Gladbach,,Mainz 05,,Stadion im Borussia-Park,,Head-to-Head,
4,Sat,2026-09-19,15:30,Frankfurt,,Freiburg,,Deutsche Bank Park,,Head-to-Head,
4,Sat,2026-09-19,15:30,Hamburger SV,,Köln,,Volksparkstadion,,Head-to-Head,
4,Sat,2026-09-19,15:30,Werder Bremen,,Augsburg,,Weserstadion,,Head-to-Head,
4,Sat,2026-09-19,18:30,Stuttgart,,Dortmund,,MHPArena,,Head-to-Head,
4,Sun,2026-09-20,15:30,Leverkusen,,RB Leipzig,,BayArena,,Head-to-Head,
4,Sun,2026-09-20,17:30,Schalke 04,,Elversberg,,Veltins-Arena,,Head-to-Head,
4,Sun,2026-09-20,19:30,Paderborn 07,,Hoffenheim,,Home Deluxe Arena,,Head-to-Head,
,,,,,,,,,,,
5,Sat,2026-10-10,,Dortmund,,Werder Bremen,,Signal Iduna Park,,Head-to-Head,
5,Sat,2026-10-10,,RB Leipzig,,Frankfurt,,Red Bull Arena,,Head-to-Head,
5,Sat,2026-10-10,,Augsburg,,Bayern Munich,,WWK Arena,,Head-to-Head,
5,Sat,2026-10-10,,Köln,,Gladbach,,RheinEnergieSTADION,,Head-to-Head,
5,Sat,2026-10-10,,Hoffenheim,,Hamburger SV,,PreZero Arena,,Head-to-Head,
5,Sat,2026-10-10,,Freiburg,,Schalke 04,,Europa-Park Stadion,,Head-to-Head,
5,Sat,2026-10-10,,Mainz 05,,Leverkusen,,Mewa Arena,,Head-to-Head,
5,Sat,2026-10-10,,Union Berlin,,Elversberg,,Stadion An der Alten Försterei,,Head-to-Head,
5,Sat,2026-10-10,,Paderborn 07,,Stuttgart,,Home Deluxe Arena,,Head-to-Head,
,,,,,,,,,,,
6,Sat,2026-10-17,,Leverkusen,,Freiburg,,BayArena,,Head-to-Head,
6,Sat,2026-10-17,,Hamburger SV,,Stuttgart,,Volksparkstadion,,Head-to-Head,
6,Sat,2026-10-17,,Gladbach,,Hoffenheim,,Stadion im Borussia-Park,,Head-to-Head,
6,Sat,2026-10-17,,Bayern Munich,,RB Leipzig,,Allianz Arena,,Head-to-Head,
6,Sat,2026-10-17,,Union Berlin,,Dortmund,,Stadion An der Alten Försterei,,Head-to-Head,
6,Sat,2026-10-17,,Elversberg,,Augsburg,,Ursapharm-Arena an der Kaiserlinde,,Head-to-Head,
6,Sat,2026-10-17,,Frankfurt,,Köln,,Deutsche Bank Park,,Head-to-Head,
6,Sat,2026-10-17,,Schalke 04,,Mainz 05,,Veltins-Arena,,Head-to-Head,
6,Sat,2026-10-17,,Werder Bremen,,Paderborn 07,,Weserstadion,,Head-to-Head,
,,,,,,,,,,,
7,Sat,2026-10-24,,Dortmund,,Frankfurt,,Signal Iduna Park,,Head-to-Head,
7,Sat,2026-10-24,,Hoffenheim,,Leverkusen,,PreZero Arena,,Head-to-Head,
7,Sat,2026-10-24,,RB Leipzig,,Elversberg,,Red Bull Arena,,Head-to-Head,
7,Sat,2026-10-24,,Stuttgart,,Gladbach,,MHPArena,,Head-to-Head,
7,Sat,2026-10-24,,Mainz 05,,Werder Bremen,,Mewa Arena,,Head-to-Head,
7,Sat,2026-10-24,,Freiburg,,Bayern Munich,,Europa-Park Stadion,,Head-to-Head,
7,Sat,2026-10-24,,Augsburg,,Union Berlin,,WWK Arena,,Head-to-Head,
7,Sat,2026-10-24,,Paderborn 07,,Hamburger SV,,Home Deluxe Arena,,Head-to-Head,
7,Sat,2026-10-24,,Köln,,Schalke 04,,RheinEnergieSTADION,,Head-to-Head,
,,,,,,,,,,,
8,Sat,2026-10-31,,Gladbach,,Paderborn 07,,Stadion im Borussia-Park,,Head-to-Head,
8,Sat,2026-10-31,,Werder Bremen,,Hoffenheim,,Weserstadion,,Head-to-Head,
8,Sat,2026-10-31,,Union Berlin,,Köln,,Stadion An der Alten Försterei,,Head-to-Head,
8,Sat,2026-10-31,,Frankfurt,,Hamburger SV,,Deutsche Bank Park,,Head-to-Head,
8,Sat,2026-10-31,,Leverkusen,,Stuttgart,,BayArena,,Head-to-Head,
8,Sat,2026-10-31,,Bayern Munich,,Dortmund,,Allianz Arena,,Head-to-Head,
8,Sat,2026-10-31,,Schalke 04,,RB Leipzig,,Veltins-Arena,,Head-to-Head,
8,Sat,2026-10-31,,Elversberg,,Mainz 05,,Ursapharm-Arena an der Kaiserlinde,,Head-to-Head,
8,Sat,2026-10-31,,Augsburg,,Freiburg,,WWK Arena,,Head-to-Head,
,,,,,,,,,,,
9,Sat,2026-11-07,,Hamburger SV,,Gladbach,,Volksparkstadion,,Head-to-Head,
9,Sat,2026-11-07,,Stuttgart,,Werder Bremen,,MHPArena,,Head-to-Head,
9,Sat,2026-11-07,,Dortmund,,Elversberg,,Signal Iduna Park,,Head-to-Head,
9,Sat,2026-11-07,,Paderborn 07,,Frankfurt,,Home Deluxe Arena,,Head-to-Head,
9,Sat,2026-11-07,,RB Leipzig,,Augsburg,,Red Bull Arena,,Head-to-Head,
9,Sat,2026-11-07,,Mainz 05,,Bayern Munich,,Mewa Arena,,Head-to-Head,
9,Sat,2026-11-07,,Köln,,Leverkusen,,RheinEnergieSTADION,,Head-to-Head,
9,Sat,2026-11-07,,Hoffenheim,,Schalke 04,,PreZero Arena,,Head-to-Head,
9,Sat,2026-11-07,,Freiburg,,Union Berlin,,Europa-Park Stadion,,Head-to-Head,
,,,,,,,,,,,
10,Sat,2026-11-21,,Elversberg,,Freiburg,,Ursapharm-Arena an der Kaiserlinde,,Head-to-Head,
10,Sat,2026-11-21,,Frankfurt,,Hoffenheim,,Deutsche Bank Park,,Head-to-Head,
10,Sat,2026-11-21,,Leverkusen,,Paderborn 07,,BayArena,,Head-to-Head,
10,Sat,2026-11-21,,Schalke 04,,Stuttgart,,Veltins-Arena,,Head-to-Head,
10,Sat,2026-11-21,,Bayern Munich,,Köln,,Allianz Arena,,Head-to-Head,
10,Sat,2026-11-21,,Augsburg,,Mainz 05,,WWK Arena,,Head-to-Head,
10,Sat,2026-11-21,,Werder Bremen,,Hamburger SV,,Weserstadion,,Head-to-Head,
10,Sat,2026-11-21,,Gladbach,,Dortmund,,Stadion im Borussia-Park,,Head-to-Head,
10,Sat,2026-11-21,,Union Berlin,,RB Leipzig,,Stadion An der Alten Försterei,,Head-to-Head,
,,,,,,,,,,,
11,Sat,2026-11-28,,Hoffenheim,,Augsburg,,PreZero Arena,,Head-to-Head,
11,Sat,2026-11-28,,Stuttgart,,Frankfurt,,MHPArena,,Head-to-Head,
11,Sat,2026-11-28,,Hamburger SV,,Bayern Munich,,Volksparkstadion,,Head-to-Head,
11,Sat,2026-11-28,,Werder Bremen,,Gladbach,,Weserstadion,,Head-to-Head,
11,Sat,2026-11-28,,Freiburg,,RB Leipzig,,Europa-Park Stadion,,Head-to-Head,
11,Sat,2026-11-28,,Mainz 05,,Union Berlin,,Mewa Arena,,Head-to-Head,
11,Sat,2026-11-28,,Köln,,Elversberg,,RheinEnergieSTADION,,Head-to-Head,
11,Sat,2026-11-28,,Dortmund,,Leverkusen,,Signal Iduna Park,,Head-to-Head,
11,Sat,2026-11-28,,Paderborn 07,,Schalke 04,,Home Deluxe Arena,,Head-to-Head,
,,,,,,,,,,,
12,Sat,2026-12-05,,Leverkusen,,Gladbach,,BayArena,,Head-to-Head,
12,Sat,2026-12-05,,Augsburg,,Köln,,WWK Arena,,Head-to-Head,
12,Sat,2026-12-05,,Elversberg,,Stuttgart,,Ursapharm-Arena an der Kaiserlinde,,Head-to-Head,
12,Sat,2026-12-05,,Bayern Munich,,Paderborn 07,,Allianz Arena,,Head-to-Head,
12,Sat,2026-12-05,,Schalke 04,,Dortmund,,Veltins-Arena,,Head-to-Head,
12,Sat,2026-12-05,,RB Leipzig,,Mainz 05,,Red Bull Arena,,Head-to-Head,
12,Sat,2026-12-05,,Freiburg,,Hoffenheim,,Europa-Park Stadion,,Head-to-Head,
12,Sat,2026-12-05,,Frankfurt,,Werder Bremen,,Deutsche Bank Park,,Head-to-Head,
12,Sat,2026-12-05,,Union Berlin,,Hamburger SV,,Stadion An der Alten Försterei,,Head-to-Head,
,,,,,,,,,,,
13,Sat,2026-12-12,,Dortmund,,Augsburg,,Signal Iduna Park,,Head-to-Head,
13,Sat,2026-12-12,,Hamburger SV,,Schalke 04,,Volksparkstadion,,Head-to-Head,
13,Sat,2026-12-12,,Mainz 05,,Freiburg,,Mewa Arena,,Head-to-Head,
13,Sat,2026-12-12,,Köln,,RB Leipzig,,RheinEnergieSTADION,,Head-to-Head,
13,Sat,2026-12-12,,Werder Bremen,,Leverkusen,,Weserstadion,,Head-to-Head,
13,Sat,2026-12-12,,Paderborn 07,,Elversberg,,Home Deluxe Arena,,Head-to-Head,
13,Sat,2026-12-12,,Stuttgart,,Union Berlin,,MHPArena,,Head-to-Head,
13,Sat,2026-12-12,,Gladbach,,Frankfurt,,Stadion im Borussia-Park,,Head-to-Head,
13,Sat,2026-12-12,,Hoffenheim,,Bayern Munich,,PreZero Arena,,Head-to-Head,
,,,,,,,,,,,
14,Sat,2026-12-19,,RB Leipzig,,Dortmund,,Red Bull Arena,,Head-to-Head,
14,Sat,2026-12-19,,Augsburg,,Paderborn 07,,WWK Arena,,Head-to-Head,
14,Sat,2026-12-19,,Leverkusen,,Frankfurt,,BayArena,,Head-to-Head,
14,Sat,2026-12-19,,Freiburg,,Stuttgart,,Europa-Park Stadion,,Head-to-Head,
14,Sat,2026-12-19,,Bayern Munich,,Werder Bremen,,Allianz Arena,,Head-to-Head,
14,Sat,2026-12-19,,Union Berlin,,Hoffenheim,,Stadion An der Alten Försterei,,Head-to-Head,
14,Sat,2026-12-19,,Schalke 04,,Gladbach,,Veltins-Arena,,Head-to-Head,
14,Sat,2026-12-19,,Mainz 05,,Köln,,Mewa Arena,,Head-to-Head,
14,Sat,2026-12-19,,Elversberg,,Hamburger SV,,Ursapharm-Arena an der Kaiserlinde,,Head-to-Head,
,,,,,,,,,,,
15,Sat,2027-01-09,,Werder Bremen,,Union Berlin,,Weserstadion,,Head-to-Head,
15,Sat,2027-01-09,,Hamburger SV,,Leverkusen,,Volksparkstadion,,Head-to-Head,
15,Sat,2027-01-09,,Hoffenheim,,Elversberg,,PreZero Arena,,Head-to-Head,
15,Sat,2027-01-09,,Köln,,Freiburg,,RheinEnergieSTADION,,Head-to-Head,
15,Sat,2027-01-09,,Paderborn 07,,RB Leipzig,,Home Deluxe Arena,,Head-to-Head,
15,Sat,2027-01-09,,Dortmund,,Mainz 05,,Signal Iduna Park,,Head-to-Head,
15,Sat,2027-01-09,,Stuttgart,,Augsburg,,MHPArena,,Head-to-Head,
15,Sat,2027-01-09,,Gladbach,,Bayern Munich,,Stadion im Borussia-Park,,Head-to-Head,
15,Sat,2027-01-09,,Frankfurt,,Schalke 04,,Deutsche Bank Park,,Head-to-Head,
,,,,,,,,,,,
16,Wed,2027-01-13,,Bayern Munich,,Leverkusen,,Allianz Arena,,Head-to-Head,
16,Wed,2027-01-13,,Freiburg,,Hamburger SV,,Europa-Park Stadion,,Head-to-Head,
16,Wed,2027-01-13,,Mainz 05,,Hoffenheim,,Mewa Arena,,Head-to-Head,
16,Wed,2027-01-13,,Schalke 04,,Werder Bremen,,Veltins-Arena,,Head-to-Head,
16,Wed,2027-01-13,,Köln,,Dortmund,,RheinEnergieSTADION,,Head-to-Head,
16,Wed,2027-01-13,,Augsburg,,Gladbach,,WWK Arena,,Head-to-Head,
16,Wed,2027-01-13,,Union Berlin,,Paderborn 07,,Stadion An der Alten Försterei,,Head-to-Head,
16,Wed,2027-01-13,,RB Leipzig,,Stuttgart,,Red Bull Arena,,Head-to-Head,
16,Wed,2027-01-13,,Elversberg,,Frankfurt,,Ursapharm-Arena an der Kaiserlinde,,Head-to-Head,
,,,,,,,,,,,
17,Sat,2027-01-16,,Dortmund,,Freiburg,,Signal Iduna Park,,Head-to-Head,
17,Sat,2027-01-16,,Paderborn 07,,Köln,,Home Deluxe Arena,,Head-to-Head,
17,Sat,2027-01-16,,Frankfurt,,Bayern Munich,,Deutsche Bank Park,,Head-to-Head,
17,Sat,2027-01-16,,Hoffenheim,,RB Leipzig,,PreZero Arena,,Head-to-Head,
17,Sat,2027-01-16,,Hamburger SV,,Augsburg,,Volksparkstadion,,Head-to-Head,
17,Sat,2027-01-16,,Leverkusen,,Schalke 04,,BayArena,,Head-to-Head,
17,Sat,2027-01-16,,Werder Bremen,,Elversberg,,Weserstadion,,Head-to-Head,
17,Sat,2027-01-16,,Stuttgart,,Mainz 05,,MHPArena,,Head-to-Head,
17,Sat,2027-01-16,,Gladbach,,Union Berlin,,Stadion im Borussia-Park,,Head-to-Head,
,,,,,,,,,,,
18,Sat,2027-01-23,,Hamburger SV,,Dortmund,,Volksparkstadion,,Head-to-Head,
18,Sat,2027-01-23,,Hoffenheim,,Köln,,PreZero Arena,,Head-to-Head,
18,Sat,2027-01-23,,Paderborn 07,,Mainz 05,,Home Deluxe Arena,,Head-to-Head,
18,Sat,2027-01-23,,Schalke 04,,Augsburg,,Veltins-Arena,,Head-to-Head,
18,Sat,2027-01-23,,Stuttgart,,Bayern Munich,,MHPArena,,Head-to-Head,
18,Sat,2027-01-23,,Leverkusen,,Elversberg,,BayArena,,Head-to-Head,
18,Sat,2027-01-23,,Gladbach,,RB Leipzig,,Stadion im Borussia-Park,,Head-to-Head,
18,Sat,2027-01-23,,Werder Bremen,,Freiburg,,Weserstadion,,Head-to-Head,
18,Sat,2027-01-23,,Frankfurt,,Union Berlin,,Deutsche Bank Park,,Head-to-Head,
,,,,,,,,,,,
19,Sat,2027-01-30,,Köln,,Stuttgart,,RheinEnergieSTADION,,Head-to-Head,
19,Sat,2027-01-30,,Bayern Munich,,Schalke 04,,Allianz Arena,,Head-to-Head,
19,Sat,2027-01-30,,Freiburg,,Paderborn 07,,Europa-Park Stadion,,Head-to-Head,
19,Sat,2027-01-30,,Union Berlin,,Leverkusen,,Stadion An der Alten Försterei,,Head-to-Head,
19,Sat,2027-01-30,,Elversberg,,Gladbach,,Ursapharm-Arena an der Kaiserlinde,,Head-to-Head,
19,Sat,2027-01-30,,Augsburg,,Frankfurt,,WWK Arena,,Head-to-Head,
19,Sat,2027-01-30,,Dortmund,,Hoffenheim,,Signal Iduna Park,,Head-to-Head,
19,Sat,2027-01-30,,RB Leipzig,,Werder Bremen,,Red Bull Arena,,Head-to-Head,
19,Sat,2027-01-30,,Mainz 05,,Hamburger SV,,Mewa Arena,,Head-to-Head,
,,,,,,,,,,,
20,Sat,2027-02-06,,Frankfurt,,Mainz 05,,Deutsche Bank Park,,Head-to-Head,
20,Sat,2027-02-06,,Stuttgart,,Hoffenheim,,MHPArena,,Head-to-Head,
20,Sat,2027-02-06,,Schalke 04,,Union Berlin,,Veltins-Arena,,Head-to-Head,
20,Sat,2027-02-06,,Gladbach,,Freiburg,,Stadion im Borussia-Park,,Head-to-Head,
20,Sat,2027-02-06,,Leverkusen,,Augsburg,,BayArena,,Head-to-Head,
20,Sat,2027-02-06,,Bayern Munich,,Elversberg,,Allianz Arena,,Head-to-Head,
20,Sat,2027-02-06,,Hamburger SV,,RB Leipzig,,Volksparkstadion,,Head-to-Head,
20,Sat,2027-02-06,,Paderborn 07,,Dortmund,,Home Deluxe Arena,,Head-to-Head,
20,Sat,2027-02-06,,Werder Bremen,,Köln,,Weserstadion,,Head-to-Head,
,,,,,,,,,,,
21,Sat,2027-02-13,,Dortmund,,Stuttgart,,Signal Iduna Park,,Head-to-Head,
21,Sat,2027-02-13,,Freiburg,,Frankfurt,,Europa-Park Stadion,,Head-to-Head,
21,Sat,2027-02-13,,Hoffenheim,,Paderborn 07,,PreZero Arena,,Head-to-Head,
21,Sat,2027-02-13,,Elversberg,,Schalke 04,,Ursapharm-Arena an der Kaiserlinde,,Head-to-Head,
21,Sat,2027-02-13,,Köln,,Hamburger SV,,RheinEnergieSTADION,,Head-to-Head,
21,Sat,2027-02-13,,RB Leipzig,,Leverkusen,,Red Bull Arena,,Head-to-Head,
21,Sat,2027-02-13,,Mainz 05,,Gladbach,,Mewa Arena,,Head-to-Head,
21,Sat,2027-02-13,,Augsburg,,Werder Bremen,,WWK Arena,,Head-to-Head,
21,Sat,2027-02-13,,Union Berlin,,Bayern Munich,,Stadion An der Alten Försterei,,Head-to-Head,
,,,,,,,,,,,
22,Sat,2027-02-20,,Hamburger SV,,Hoffenheim,,Volksparkstadion,,Head-to-Head,
22,Sat,2027-02-20,,Gladbach,,Köln,,Stadion im Borussia-Park,,Head-to-Head,
22,Sat,2027-02-20,,Elversberg,,Union Berlin,,Ursapharm-Arena an der Kaiserlinde,,Head-to-Head,
22,Sat,2027-02-20,,Frankfurt,,RB Leipzig,,Deutsche Bank Park,,Head-to-Head,
22,Sat,2027-02-20,,Stuttgart,,Paderborn 07,,MHPArena,,Head-to-Head,
22,Sat,2027-02-20,,Bayern Munich,,Augsburg,,Allianz Arena,,Head-to-Head,
22,Sat,2027-02-20,,Leverkusen,,Mainz 05,,BayArena,,Head-to-Head,
22,Sat,2027-02-20,,Werder Bremen,,Dortmund,,Weserstadion,,Head-to-Head,
22,Sat,2027-02-20,,Schalke 04,,Freiburg,,Veltins-Arena,,Head-to-Head,
,,,,,,,,,,,
23,Sat,2027-02-27,,Köln,,Frankfurt,,RheinEnergieSTADION,,Head-to-Head,
23,Sat,2027-02-27,,Augsburg,,Elversberg,,WWK Arena,,Head-to-Head,
23,Sat,2027-02-27,,Mainz 05,,Schalke 04,,Mewa Arena,,Head-to-Head,
23,Sat,2027-02-27,,Dortmund,,Union Berlin,,Signal Iduna Park,,Head-to-Head,
23,Sat,2027-02-27,,Hoffenheim,,Gladbach,,PreZero Arena,,Head-to-Head,
23,Sat,2027-02-27,,Freiburg,,Leverkusen,,Europa-Park Stadion,,Head-to-Head,
23,Sat,2027-02-27,,Stuttgart,,Hamburger SV,,MHPArena,,Head-to-Head,
23,Sat,2027-02-27,,Paderborn 07,,Werder Bremen,,Home Deluxe Arena,,Head-to-Head,
23,Sat,2027-02-27,,RB Leipzig,,Bayern Munich,,Red Bull Arena,,Head-to-Head,
,,,,,,,,,,,
24,Wed,2027-03-03,,Frankfurt,,Dortmund,,Deutsche Bank Park,,Head-to-Head,
24,Wed,2027-03-03,,Gladbach,,Stuttgart,,Stadion im Borussia-Park,,Head-to-Head,
24,Wed,2027-03-03,,Werder Bremen,,Mainz 05,,Weserstadion,,Head-to-Head,
24,Wed,2027-03-03,,Schalke 04,,Köln,,Veltins-Arena,,Head-to-Head,
24,Wed,2027-03-03,,Union Berlin,,Augsburg,,Stadion An der Alten Försterei,,Head-to-Head,
24,Wed,2027-03-03,,Elversberg,,RB Leipzig,,Ursapharm-Arena an der Kaiserlinde,,Head-to-Head,
24,Wed,2027-03-03,,Hamburger SV,,Paderborn 07,,Volksparkstadion,,Head-to-Head,
24,Wed,2027-03-03,,Leverkusen,,Hoffenheim,,BayArena,,Head-to-Head,
24,Wed,2027-03-03,,Bayern Munich,,Freiburg,,Allianz Arena,,Head-to-Head,
,,,,,,,,,,,
25,Sat,2027-03-06,,Mainz 05,,Elversberg,,Mewa Arena,,Head-to-Head,
25,Sat,2027-03-06,,Dortmund,,Bayern Munich,,Signal Iduna Park,,Head-to-Head,
25,Sat,2027-03-06,,Paderborn 07,,Gladbach,,Home Deluxe Arena,,Head-to-Head,
25,Sat,2027-03-06,,Hoffenheim,,Werder Bremen,,PreZero Arena,,Head-to-Head,
25,Sat,2027-03-06,,Köln,,Union Berlin,,RheinEnergieSTADION,,Head-to-Head,
25,Sat,2027-03-06,,Freiburg,,Augsburg,,Europa-Park Stadion,,Head-to-Head,
25,Sat,2027-03-06,,RB Leipzig,,Schalke 04,,Red Bull Arena,,Head-to-Head,
25,Sat,2027-03-06,,Stuttgart,,Leverkusen,,MHPArena,,Head-to-Head,
25,Sat,2027-03-06,,Hamburger SV,,Frankfurt,,Volksparkstadion,,Head-to-Head,
,,,,,,,,,,,
26,Sat,2027-03-13,,Augsburg,,RB Leipzig,,WWK Arena,,Head-to-Head,
26,Sat,2027-03-13,,Bayern Munich,,Mainz 05,,Allianz Arena,,Head-to-Head,
26,Sat,2027-03-13,,Leverkusen,,Köln,,BayArena,,Head-to-Head,
26,Sat,2027-03-13,,Schalke 04,,Hoffenheim,,Veltins-Arena,,Head-to-Head,
26,Sat,2027-03-13,,Union Berlin,,Freiburg,,Stadion An der Alten Försterei,,Head-to-Head,
26,Sat,2027-03-13,,Gladbach,,Hamburger SV,,Stadion im Borussia-Park,,Head-to-Head,
26,Sat,2027-03-13,,Werder Bremen,,Stuttgart,,Weserstadion,,Head-to-Head,
26,Sat,2027-03-13,,Frankfurt,,Paderborn 07,,Deutsche Bank Park,,Head-to-Head,
26,Sat,2027-03-13,,Elversberg,,Dortmund,,Ursapharm-Arena an der Kaiserlinde,,Head-to-Head,
,,,,,,,,,,,
27,Sat,2027-03-20,,Hoffenheim,,Frankfurt,,PreZero Arena,,Head-to-Head,
27,Sat,2027-03-20,,RB Leipzig,,Union Berlin,,Red Bull Arena,,Head-to-Head,
27,Sat,2027-03-20,,Mainz 05,,Augsburg,,Mewa Arena,,Head-to-Head,
27,Sat,2027-03-20,,Dortmund,,Gladbach,,Signal Iduna Park,,Head-to-Head,
27,Sat,2027-03-20,,Freiburg,,Elversberg,,Europa-Park Stadion,,Head-to-Head,
27,Sat,2027-03-20,,Paderborn 07,,Leverkusen,,Home Deluxe Arena,,Head-to-Head,
27,Sat,2027-03-20,,Stuttgart,,Schalke 04,,MHPArena,,Head-to-Head,
27,Sat,2027-03-20,,Köln,,Bayern Munich,,RheinEnergieSTADION,,Head-to-Head,
27,Sat,2027-03-20,,Hamburger SV,,Werder Bremen,,Volksparkstadion,,Head-to-Head,
,,,,,,,,,,,
28,Sat,2027-04-03,,Frankfurt,,Stuttgart,,Deutsche Bank Park,,Head-to-Head,
28,Sat,2027-04-03,,Union Berlin,,Mainz 05,,Stadion An der Alten Försterei,,Head-to-Head,
28,Sat,2027-04-03,,RB Leipzig,,Freiburg,,Red Bull Arena,,Head-to-Head,
28,Sat,2027-04-03,,Bayern Munich,,Hamburger SV,,Allianz Arena,,Head-to-Head,
28,Sat,2027-04-03,,Gladbach,,Werder Bremen,,Stadion im Borussia-Park,,Head-to-Head,
28,Sat,2027-04-03,,Leverkusen,,Dortmund,,BayArena,,Head-to-Head,
28,Sat,2027-04-03,,Augsburg,,Hoffenheim,,WWK Arena,,Head-to-Head,
28,Sat,2027-04-03,,Schalke 04,,Paderborn 07,,Veltins-Arena,,Head-to-Head,
28,Sat,2027-04-03,,Elversberg,,Köln,,Ursapharm-Arena an der Kaiserlinde,,Head-to-Head,
,,,,,,,,,,,
29,Sat,2027-04-10,,Dortmund,,Schalke 04,,Signal Iduna Park,,Head-to-Head,
29,Sat,2027-04-10,,Hamburger SV,,Union Berlin,,Volksparkstadion,,Head-to-Head,
29,Sat,2027-04-10,,Werder Bremen,,Frankfurt,,Weserstadion,,Head-to-Head,
29,Sat,2027-04-10,,Köln,,Augsburg,,RheinEnergieSTADION,,Head-to-Head,
29,Sat,2027-04-10,,Hoffenheim,,Freiburg,,PreZero Arena,,Head-to-Head,
29,Sat,2027-04-10,,Paderborn 07,,Bayern Munich,,Home Deluxe Arena,,Head-to-Head,
29,Sat,2027-04-10,,Stuttgart,,Elversberg,,MHPArena,,Head-to-Head,
29,Sat,2027-04-10,,Mainz 05,,RB Leipzig,,Mewa Arena,,Head-to-Head,
29,Sat,2027-04-10,,Gladbach,,Leverkusen,,Stadion im Borussia-Park,,Head-to-Head,
,,,,,,,,,,,
30,Sat,2027-04-17,,Schalke 04,,Hamburger SV,,Veltins-Arena,,Head-to-Head,
30,Sat,2027-04-17,,Union Berlin,,Stuttgart,,Stadion An der Alten Försterei,,Head-to-Head,
30,Sat,2027-04-17,,RB Leipzig,,Köln,,Red Bull Arena,,Head-to-Head,
30,Sat,2027-04-17,,Freiburg,,Mainz 05,,Europa-Park Stadion,,Head-to-Head,
30,Sat,2027-04-17,,Frankfurt,,Gladbach,,Deutsche Bank Park,,Head-to-Head,
30,Sat,2027-04-17,,Bayern Munich,,Hoffenheim,,Allianz Arena,,Head-to-Head,
30,Sat,2027-04-17,,Elversberg,,Paderborn 07,,Ursapharm-Arena an der Kaiserlinde,,Head-to-Head,
30,Sat,2027-04-17,,Leverkusen,,Werder Bremen,,BayArena,,Head-to-Head,
30,Sat,2027-04-17,,Augsburg,,Dortmund,,WWK Arena,,Head-to-Head,
,,,,,,,,,,,
31,Sat,2027-04-24,,Frankfurt,,Leverkusen,,Deutsche Bank Park,,Head-to-Head,
31,Sat,2027-04-24,,Köln,,Mainz 05,,RheinEnergieSTADION,,Head-to-Head,
31,Sat,2027-04-24,,Hamburger SV,,Elversberg,,Volksparkstadion,,Head-to-Head,
31,Sat,2027-04-24,,Gladbach,,Schalke 04,,Stadion im Borussia-Park,,Head-to-Head,
31,Sat,2027-04-24,,Paderborn 07,,Augsburg,,Home Deluxe Arena,,Head-to-Head,
31,Sat,2027-04-24,,Hoffenheim,,Union Berlin,,PreZero Arena,,Head-to-Head,
31,Sat,2027-04-24,,Dortmund,,RB Leipzig,,Signal Iduna Park,,Head-to-Head,
31,Sat,2027-04-24,,Werder Bremen,,Bayern Munich,,Weserstadion,,Head-to-Head,
31,Sat,2027-04-24,,Stuttgart,,Freiburg,,MHPArena,,Head-to-Head,
,,,,,,,,,,,
32,Sat,2027-05-08,,Leverkusen,,Hamburger SV,,BayArena,,Head-to-Head,
32,Sat,2027-05-08,,Bayern Munich,,Gladbach,,Allianz Arena,,Head-to-Head,
32,Sat,2027-05-08,,Schalke 04,,Frankfurt,,Veltins-Arena,,Head-to-Head,
32,Sat,2027-05-08,,RB Leipzig,,Paderborn 07,,Red Bull Arena,,Head-to-Head,
32,Sat,2027-05-08,,Augsburg,,Stuttgart,,WWK Arena,,Head-to-Head,
32,Sat,2027-05-08,,Freiburg,,Köln,,Europa-Park Stadion,,Head-to-Head,
32,Sat,2027-05-08,,Union Berlin,,Werder Bremen,,Stadion An der Alten Försterei,,Head-to-Head,
32,Sat,2027-05-08,,Elversberg,,Hoffenheim,,Ursapharm-Arena an der Kaiserlinde,,Head-to-Head,
32,Sat,2027-05-08,,Mainz 05,,Dortmund,,Mewa Arena,,Head-to-Head,
,,,,,,,,,,,
33,Sat,2027-05-15,,Hamburger SV,,Freiburg,,Volksparkstadion,,Head-to-Head,
33,Sat,2027-05-15,,Frankfurt,,Elversberg,,Deutsche Bank Park,,Head-to-Head,
33,Sat,2027-05-15,,Dortmund,,Köln,,Signal Iduna Park,,Head-to-Head,
33,Sat,2027-05-15,,Hoffenheim,,Mainz 05,,PreZero Arena,,Head-to-Head,
33,Sat,2027-05-15,,Stuttgart,,RB Leipzig,,MHPArena,,Head-to-Head,
33,Sat,2027-05-15,,Werder Bremen,,Schalke 04,,Weserstadion,,Head-to-Head,
33,Sat,2027-05-15,,Paderborn 07,,Union Berlin,,Home Deluxe Arena,,Head-to-Head,
33,Sat,2027-05-15,,Leverkusen,,Bayern Munich,,BayArena,,Head-to-Head,
33,Sat,2027-05-15,,Gladbach,,Augsburg,,Stadion im Borussia-Park,,Head-to-Head,
,,,,,,,,,,,
34,Sat,2027-05-22,15:30,Mainz 05,,Stuttgart,,Mewa Arena,,Head-to-Head,
34,Sat,2027-05-22,15:30,Bayern Munich,,Frankfurt,,Allianz Arena,,Head-to-Head,
34,Sat,2027-05-22,15:30,Union Berlin,,Gladbach,,Stadion An der Alten Försterei,,Head-to-Head,
34,Sat,2027-05-22,15:30,Schalke 04,,Leverkusen,,Veltins-Arena,,Head-to-Head,
34,Sat,2027-05-22,15:30,Augsburg,,Hamburger SV,,WWK Arena,,Head-to-Head,
34,Sat,2027-05-22,15:30,Köln,,Paderborn 07,,RheinEnergieSTADION,,Head-to-Head,
34,Sat,2027-05-22,15:30,Freiburg,,Dortmund,,Europa-Park Stadion,,Head-to-Head,
34,Sat,2027-05-22,15:30,RB Leipzig,,Hoffenheim,,Red Bull Arena,,Head-to-Head,
34,Sat,2027-05-22,15:30,Elversberg,,Werder Bremen,,Ursapharm-Arena an der Kaiserlinde,,Head-to-Head,
